Hypothesis	Posterior
PP0	1
PP1	1.43203506782004e-59
PP2	1.60791714148176e-05
PP3	8.90600644112226e-58
PP4	0
