CHR	BP	EA	OA	BETA	SE	EAF	P	SNP	DIR	HETDF	HET_PVAL	N
22	44326700	T	C	0.5267	0.0316	0.266	2.03e-62	rs11090617	++++?+++	6	0.07851	1435810
19	19407718	T	C	-0.6129	0.0428	0.7952	1.564e-46	rs10401969	----?---	6	0.02686	1435810
6	26123502	T	C	-0.4333	0.0557	0.9438	7.204e-15	rs115740542	--+-?-?-	5	0.02756	1433700
5	1279790	T	C	-0.2333	0.0313	0.336	9.49e-14	rs10069690	----?---	6	0.9159	1435810
4	88206154	T	C	0.2214	0.031	0.6631	8.582e-13	rs10440366	++-+?+++	6	0.3201	1435810
19	45415713	A	G	-0.2911	0.0448	0.2188	7.881e-11	rs10414043	?---?---	5	0.4773	1314960
